{
  "TC04.1 GET /login - Lấy CSRF token" : {
    "transaction" : "TC04.1 GET /login - Lấy CSRF token",
    "sampleCount" : 5,
    "errorCount" : 0,
    "errorPct" : 0.0,
    "meanResTime" : 2102.2,
    "medianResTime" : 2112.0,
    "minResTime" : 525.0,
    "maxResTime" : 3684.0,
    "pct1ResTime" : 3684.0,
    "pct2ResTime" : 3684.0,
    "pct3ResTime" : 3684.0,
    "throughput" : 0.9464319515426841,
    "receivedKBytesPerSec" : 7.192513131743327,
    "sentKBytesPerSec" : 0.1127584942267651
  },
  "TC01 GET / - Trang chủ tải thành công" : {
    "transaction" : "TC01 GET / - Trang chủ tải thành công",
    "sampleCount" : 20,
    "errorCount" : 0,
    "errorPct" : 0.0,
    "meanResTime" : 1773.8500000000001,
    "medianResTime" : 1853.5,
    "minResTime" : 408.0,
    "maxResTime" : 2940.0,
    "pct1ResTime" : 2813.3,
    "pct2ResTime" : 2933.95,
    "pct3ResTime" : 2940.0,
    "throughput" : 2.2581009371118888,
    "receivedKBytesPerSec" : 6.509681607767868,
    "sentKBytesPerSec" : 0.25800567347860454
  },
  "TC03.2 POST /login - Đăng nhập admin hợp lệ-1" : {
    "transaction" : "TC03.2 POST /login - Đăng nhập admin hợp lệ-1",
    "sampleCount" : 10,
    "errorCount" : 0,
    "errorPct" : 0.0,
    "meanResTime" : 8285.499999999998,
    "medianResTime" : 8566.5,
    "minResTime" : 3926.0,
    "maxResTime" : 12257.0,
    "pct1ResTime" : 12179.800000000001,
    "pct2ResTime" : 12257.0,
    "pct3ResTime" : 12257.0,
    "throughput" : 0.36957646537068517,
    "receivedKBytesPerSec" : 24.65948437153522,
    "sentKBytesPerSec" : 0.3111083136225885
  },
  "TC03.2 POST /login - Đăng nhập admin hợp lệ-0" : {
    "transaction" : "TC03.2 POST /login - Đăng nhập admin hợp lệ-0",
    "sampleCount" : 10,
    "errorCount" : 0,
    "errorPct" : 0.0,
    "meanResTime" : 7901.799999999999,
    "medianResTime" : 8698.5,
    "minResTime" : 1753.0,
    "maxResTime" : 12672.0,
    "pct1ResTime" : 12565.300000000001,
    "pct2ResTime" : 12672.0,
    "pct3ResTime" : 12672.0,
    "throughput" : 0.43497172683775553,
    "receivedKBytesPerSec" : 0.6477850424097434,
    "sentKBytesPerSec" : 0.4345469497607656
  },
  "Total" : {
    "transaction" : "Total",
    "sampleCount" : 95,
    "errorCount" : 0,
    "errorPct" : 0.0,
    "meanResTime" : 5697.63157894737,
    "medianResTime" : 4232.0,
    "minResTime" : 408.0,
    "maxResTime" : 19636.0,
    "pct1ResTime" : 12423.000000000002,
    "pct2ResTime" : 18793.8,
    "pct3ResTime" : 19636.0,
    "throughput" : 1.6691850862705133,
    "receivedKBytesPerSec" : 40.45757702959729,
    "sentKBytesPerSec" : 1.2009278802227923
  },
  "TC03.3 GET /dashboard - Tải đồng thời sau đăng nhập" : {
    "transaction" : "TC03.3 GET /dashboard - Tải đồng thời sau đăng nhập",
    "sampleCount" : 10,
    "errorCount" : 0,
    "errorPct" : 0.0,
    "meanResTime" : 6515.8,
    "medianResTime" : 5437.5,
    "minResTime" : 4665.0,
    "maxResTime" : 11878.0,
    "pct1ResTime" : 11656.7,
    "pct2ResTime" : 11878.0,
    "pct3ResTime" : 11878.0,
    "throughput" : 0.3596734165377837,
    "receivedKBytesPerSec" : 23.99871697748444,
    "sentKBytesPerSec" : 0.3027719580620796
  },
  "TC02 GET /dashboard - Chưa đăng nhập bị chuyển hướng" : {
    "transaction" : "TC02 GET /dashboard - Chưa đăng nhập bị chuyển hướng",
    "sampleCount" : 5,
    "errorCount" : 0,
    "errorPct" : 0.0,
    "meanResTime" : 576.8,
    "medianResTime" : 597.0,
    "minResTime" : 493.0,
    "maxResTime" : 613.0,
    "pct1ResTime" : 613.0,
    "pct2ResTime" : 613.0,
    "pct3ResTime" : 613.0,
    "throughput" : 2.2665457842248413,
    "receivedKBytesPerSec" : 3.3312025441976427,
    "sentKBytesPerSec" : 0.27889137579329104
  },
  "TC03.1 GET /login - Lấy CSRF token" : {
    "transaction" : "TC03.1 GET /login - Lấy CSRF token",
    "sampleCount" : 10,
    "errorCount" : 0,
    "errorPct" : 0.0,
    "meanResTime" : 3782.7000000000003,
    "medianResTime" : 3887.0,
    "minResTime" : 519.0,
    "maxResTime" : 6353.0,
    "pct1ResTime" : 6290.6,
    "pct2ResTime" : 6353.0,
    "pct3ResTime" : 6353.0,
    "throughput" : 0.9214042200313277,
    "receivedKBytesPerSec" : 7.002312148714641,
    "sentKBytesPerSec" : 0.1097766746521699
  },
  "TC04.2 POST /login - Sai mật khẩu hiển thị lỗi-1" : {
    "transaction" : "TC04.2 POST /login - Sai mật khẩu hiển thị lỗi-1",
    "sampleCount" : 5,
    "errorCount" : 0,
    "errorPct" : 0.0,
    "meanResTime" : 2888.2,
    "medianResTime" : 3406.0,
    "minResTime" : 1558.0,
    "maxResTime" : 3703.0,
    "pct1ResTime" : 3703.0,
    "pct2ResTime" : 3703.0,
    "pct3ResTime" : 3703.0,
    "throughput" : 0.5301664722722935,
    "receivedKBytesPerSec" : 4.104130493850069,
    "sentKBytesPerSec" : 0.4442215168062772
  },
  "TC04.2 POST /login - Sai mật khẩu hiển thị lỗi-0" : {
    "transaction" : "TC04.2 POST /login - Sai mật khẩu hiển thị lỗi-0",
    "sampleCount" : 5,
    "errorCount" : 0,
    "errorPct" : 0.0,
    "meanResTime" : 3678.4,
    "medianResTime" : 4174.0,
    "minResTime" : 1867.0,
    "maxResTime" : 4982.0,
    "pct1ResTime" : 4982.0,
    "pct2ResTime" : 4982.0,
    "pct3ResTime" : 4982.0,
    "throughput" : 0.513347022587269,
    "receivedKBytesPerSec" : 0.7544797548767967,
    "sentKBytesPerSec" : 0.5158535998459959
  },
  "TC03.2 POST /login - Đăng nhập admin hợp lệ" : {
    "transaction" : "TC03.2 POST /login - Đăng nhập admin hợp lệ",
    "sampleCount" : 10,
    "errorCount" : 0,
    "errorPct" : 0.0,
    "meanResTime" : 16187.7,
    "medianResTime" : 18666.0,
    "minResTime" : 5680.0,
    "maxResTime" : 19636.0,
    "pct1ResTime" : 19611.2,
    "pct2ResTime" : 19636.0,
    "pct3ResTime" : 19636.0,
    "throughput" : 0.3470776065528252,
    "receivedKBytesPerSec" : 23.67516681417465,
    "sentKBytesPerSec" : 0.6389075081563237
  },
  "TC04.2 POST /login - Sai mật khẩu hiển thị lỗi" : {
    "transaction" : "TC04.2 POST /login - Sai mật khẩu hiển thị lỗi",
    "sampleCount" : 5,
    "errorCount" : 0,
    "errorPct" : 0.0,
    "meanResTime" : 6567.0,
    "medianResTime" : 6547.0,
    "minResTime" : 5283.0,
    "maxResTime" : 7878.0,
    "pct1ResTime" : 7878.0,
    "pct2ResTime" : 7878.0,
    "pct3ResTime" : 7878.0,
    "throughput" : 0.44255620463798906,
    "receivedKBytesPerSec" : 4.076357541157727,
    "sentKBytesPerSec" : 0.8155308185077005
  }
}